Full name (Model),Location,Bar code/RFID (Asset),Serial # (Asset),Quantity,System Host name,Record origination
/HARDWARE ACCESSORIES/RACK ACCESSORIES/GENERIC RACK HOLDER/,/PUBLIC LOCATION/AMERICAS/DATA CENTER/USA.WA.MOS/,6065507,6065507,1,,Physical Inventory
/HARDWARE ACCESSORIES/RACK ACCESSORIES/GENERIC RACK HOLDER/,/PUBLIC LOCATION/AMERICAS/DATA CENTER/USA.WA.MOS/,6065508,6065508,1,,Purchase order
/HARDWARE COMPUTERS/SERVERS/HEWLETT-PACKARD COMPANY PROLIANT DL385 SERVER/,/PUBLIC LOCATION/AMERICAS/DATA CENTER/USA.WA.MOS/,6065497,USE110N8S8,1,6065497,Purchase order
/HARDWARE COMPUTERS/SERVERS/HEWLETT-PACKARD COMPANY PROLIANT DL385 SERVER/,/PUBLIC LOCATION/AMERICAS/DATA CENTER/USA.WA.MOS/,6065498,USE110N8S7,1,6065498,Purchase order
/HARDWARE STORAGE/STORAGE AREA NETWORKS (SAN)/INFINIDAT INFINIBOX F2240/,/PUBLIC LOCATION/AMERICAS/DATA CENTER/USA.WA.MOS/,6010017,IBOX2792,1,,Purchase order
/HARDWARE COMPUTERS/SERVERS/DELL POWEREDGE R210 II SERVER/,/PUBLIC LOCATION/AMERICAS/DATA CENTER/USA.WA.MOS/BT03/,6008634,7NQLBY1,1,,Physical Inventory
/HARDWARE NETWORK EQUIPMENT/CHASSIS/CISCO SYSTEMS CATALYST 6509 CHASSIS/,/PUBLIC LOCATION/AMERICAS/DATA CENTER/USA.WA.MOS/BT03/,6008716,SMG1032NTSR,1,L3_MWHC6509-00,Physical inventory
/HARDWARE NETWORK EQUIPMENT/FIREWALLS AND SECURITY APPLIANCES/CHECK POINT 13500 APPLIANCE/,/PUBLIC LOCATION/AMERICAS/DATA CENTER/USA.WA.MOS/BT03/,6065509,4741060,1,,Purchase order
/HARDWARE NETWORK EQUIPMENT/FIREWALLS AND SECURITY APPLIANCES/CISCO SYSTEMS ASA5515-X ADAPTIVE SECURITY APPLIANCE/,/PUBLIC LOCATION/AMERICAS/DATA CENTER/USA.WA.MOS/BT03/,6008835,FTX182310Z4,1,,Purchase order
/HARDWARE NETWORK EQUIPMENT/FIREWALLS AND SECURITY APPLIANCES/CISCO SYSTEMS VEDGE-2000-AC/,/PUBLIC LOCATION/AMERICAS/DATA CENTER/USA.WA.MOS/BT03/,6008832,26OE1120180003,1,,Purchase order
/HARDWARE NETWORK EQUIPMENT/HUBS-SWITCHES/CISCO SYSTEMS CATALYST 2600 SWITCH/,/PUBLIC LOCATION/AMERICAS/DATA CENTER/USA.WA.MOS/BT03/,6065511,JAB0425821F,1,,Manual
/HARDWARE NETWORK EQUIPMENT/HUBS-SWITCHES/CISCO SYSTEMS CATALYST 2960 48 PORT SWITCH/,/PUBLIC LOCATION/AMERICAS/DATA CENTER/USA.WA.MOS/BT03/,6008807,FOC1339V1JV,1,,Physical inventory
/HARDWARE NETWORK EQUIPMENT/HUBS-SWITCHES/CISCO SYSTEMS SF302-08P 8-PORT 10 100 POE MANAGED SWITCH WITH GIGABIT UPLINKS/,/PUBLIC LOCATION/AMERICAS/DATA CENTER/USA.WA.MOS/BT03/,6008613,PSZ17180525,1,,Purchase order
/HARDWARE NETWORK EQUIPMENT/LOAD BALANCERS/F5 NETWORKS 1500 LTM/,/PUBLIC LOCATION/AMERICAS/DATA CENTER/USA.WA.MOS/BT03/,6008833,F5-FPND-XHZB,1,,Manual
/HARDWARE NETWORK EQUIPMENT/ROUTERS/CISCO SYSTEMS ASR1002/,/PUBLIC LOCATION/AMERICAS/DATA CENTER/USA.WA.MOS/BT03/,6065510,FOX1924GRBN,1,,Purchase order
"/HARDWARE RACKS, CHASSIS AND ENCLOSURES/RACK ENCLOSURES/GENERIC SERVER RACK/",/PUBLIC LOCATION/AMERICAS/DATA CENTER/USA.WA.MOS/BT03/,6065512,LN13251L0282,1,,Purchase order
/HARDWARE NETWORK EQUIPMENT/CONCENTRATORS/ARRAY NETWORKS AG1150 SECURE ACCESS GATEWAY/,/PUBLIC LOCATION/AMERICAS/DATA CENTER/USA.WA.MOS/BT04/,6065514,1527G8072,1,,Physical Inventory
/HARDWARE NETWORK EQUIPMENT/CONCENTRATORS/ARRAY NETWORKS AG1150 SECURE ACCESS GATEWAY/,/PUBLIC LOCATION/AMERICAS/DATA CENTER/USA.WA.MOS/BT04/,6065515,1527G8090,1,,Physical inventory
/HARDWARE NETWORK EQUIPMENT/FIREWALLS AND SECURITY APPLIANCES/CHECK POINT 13500 APPLIANCE/,/PUBLIC LOCATION/AMERICAS/DATA CENTER/USA.WA.MOS/BT04/,6065513,4741070,1,,Physical inventory
/HARDWARE NETWORK EQUIPMENT/FIREWALLS AND SECURITY APPLIANCES/CISCO SYSTEMS ASA5510 ADAPTIVE SECURITY APPLIANCE/,/PUBLIC LOCATION/AMERICAS/DATA CENTER/USA.WA.MOS/BT04/,6008592,JMX1205L0U5,1,,Physical Inventory
/HARDWARE NETWORK EQUIPMENT/FIREWALLS AND SECURITY APPLIANCES/CISCO SYSTEMS ASA5510 ADAPTIVE SECURITY APPLIANCE/,/PUBLIC LOCATION/AMERICAS/DATA CENTER/USA.WA.MOS/BT04/,6008869,JMX1213L00F,1,,Physical Inventory
/HARDWARE NETWORK EQUIPMENT/FIREWALLS AND SECURITY APPLIANCES/CISCO SYSTEMS ASA5555-X ADAPTIVE SECURITY APPLIANCE/,/PUBLIC LOCATION/AMERICAS/DATA CENTER/USA.WA.MOS/BT04/,6008624,FTX1934107U,1,,Manual
/HARDWARE NETWORK EQUIPMENT/FIREWALLS AND SECURITY APPLIANCES/CISCO SYSTEMS ASA5555-X ADAPTIVE SECURITY APPLIANCE/,/PUBLIC LOCATION/AMERICAS/DATA CENTER/USA.WA.MOS/BT04/,6008777,FTX1934107S,1,,Manual
/HARDWARE NETWORK EQUIPMENT/HUBS-SWITCHES/CISCO SYSTEMS CATALYST 2960 SWITCH/,/PUBLIC LOCATION/AMERICAS/DATA CENTER/USA.WA.MOS/BT04/,6065516,FOC1252WOBT,1,,Physical inventory
/HARDWARE NETWORK EQUIPMENT/HUBS-SWITCHES/CISCO SYSTEMS CATALYST 2960 SWITCH/,/PUBLIC LOCATION/AMERICAS/DATA CENTER/USA.WA.MOS/BT04/,6065517,FOC1116Z765,1,,Physical Inventory
/HARDWARE NETWORK EQUIPMENT/HUBS-SWITCHES/CISCO SYSTEMS CATALYST 2960-X 48 PORT/,/PUBLIC LOCATION/AMERICAS/DATA CENTER/USA.WA.MOS/BT04/,6065518,FOC2004S4E3,1,,Physical Inventory
/HARDWARE NETWORK EQUIPMENT/HUBS-SWITCHES/CISCO SYSTEMS CATALYST 2960-X 48 PORT/,/PUBLIC LOCATION/AMERICAS/DATA CENTER/USA.WA.MOS/BT04/,6065519,FCW2008A4M0,1,,Purchase order
/HARDWARE NETWORK EQUIPMENT/HUBS-SWITCHES/CISCO SYSTEMS CATALYST 3850 48 PORT POE LAN BASE (WS-C38/,/PUBLIC LOCATION/AMERICAS/DATA CENTER/USA.WA.MOS/BT04/,6008680,GT52230045,1,,Purchase order
/HARDWARE NETWORK EQUIPMENT/HUBS-SWITCHES/CISCO SYSTEMS CATALYST 3850 48 PORT POE LAN BASE (WS-C38/,/PUBLIC LOCATION/AMERICAS/DATA CENTER/USA.WA.MOS/BT04/,6008681,GT52230093,1,,Purchase order
/HARDWARE NETWORK EQUIPMENT/HUBS-SWITCHES/CISCO SYSTEMS CATALYST 3850 48 PORT POE LAN BASE (WS-C38/,/PUBLIC LOCATION/AMERICAS/DATA CENTER/USA.WA.MOS/BT04/,6008696,GT52230021,1,,Physical Inventory
/HARDWARE NETWORK EQUIPMENT/HUBS-SWITCHES/CISCO SYSTEMS CATALYST 3850 48 PORT POE LAN BASE (WS-C38/,/PUBLIC LOCATION/AMERICAS/DATA CENTER/USA.WA.MOS/BT04/,6008964,GT52230069,1,,Physical Inventory
/HARDWARE NETWORK EQUIPMENT/ROUTERS/CISCO SYSTEMS 7204VXR/,/PUBLIC LOCATION/AMERICAS/DATA CENTER/USA.WA.MOS/BT04/,6008789,SAL0751QRBJ,1,,Physical Inventory
/HARDWARE NETWORK EQUIPMENT/ROUTERS/CISCO SYSTEMS ASR1002/,/PUBLIC LOCATION/AMERICAS/DATA CENTER/USA.WA.MOS/BT04/,6065520,FOX1925GMH5,1,,Physical Inventory
/HARDWARE NETWORK EQUIPMENT/ROUTERS/CISCO SYSTEMS ASR1002/,/PUBLIC LOCATION/AMERICAS/DATA CENTER/USA.WA.MOS/BT04/,6065521,FOX1925GMV9,1,,Physical Inventory
"/HARDWARE RACKS, CHASSIS AND ENCLOSURES/RACK ENCLOSURES/GENERIC SERVER RACK/",/PUBLIC LOCATION/AMERICAS/DATA CENTER/USA.WA.MOS/BT04/,6065522,LN13251L0284,1,,Physical Inventory
/HARDWARE STORAGE/STORAGE AREA NETWORKS (SAN)/HITACHI HUS-150/,/PUBLIC LOCATION/AMERICAS/DATA CENTER/USA.WA.MOS/BT05/,6065523,93043534,1,HUS150_93043534,Physical Inventory
/HARDWARE COMPUTERS/SERVERS/HEWLETT-PACKARD COMPANY INTEGRITY RX2660 SERVER/,/PUBLIC LOCATION/AMERICAS/DATA CENTER/USA.WA.MOS/BT07/,6008701,USE4750AKA,1,NADRHP1,Physical Inventory
/HARDWARE COMPUTERS/SERVERS/HEWLETT-PACKARD COMPANY INTEGRITY RX2660 SERVER/,/PUBLIC LOCATION/AMERICAS/DATA CENTER/USA.WA.MOS/BT07/,6008954,USE4750AK9,1,NADROMNI1,Physical Inventory
/HARDWARE COMPUTERS/SERVERS/HEWLETT-PACKARD COMPANY PROLIANT BL460C G7 SERVER BLADE_1/,/PUBLIC LOCATION/AMERICAS/DATA CENTER/USA.WA.MOS/BT07/,6008873,3UI1207MK2,1,4730020,Physical Inventory
/HARDWARE COMPUTERS/SERVERS/HPE PROLIANT BL460C G8 SERVER BLADE/,/PUBLIC LOCATION/AMERICAS/DATA CENTER/USA.WA.MOS/BT07/,6008702,6008702,1,6008702,Physical Inventory
/HARDWARE COMPUTERS/SERVERS/HPE PROLIANT BL460C G8 SERVER BLADE/,/PUBLIC LOCATION/AMERICAS/DATA CENTER/USA.WA.MOS/BT07/,6008906,6008906,1,6008906,Physical inventory
/HARDWARE COMPUTERS/SERVERS/HPE PROLIANT BL480C SERVER BLADE/,/PUBLIC LOCATION/AMERICAS/DATA CENTER/USA.WA.MOS/BT07/,6008800,USE80997RY,1,STLLIN10,Clarity
/HARDWARE COMPUTERS/SERVERS/HPE PROLIANT BL480C SERVER BLADE/,/PUBLIC LOCATION/AMERICAS/DATA CENTER/USA.WA.MOS/BT07/,6008850,USE80997S0,1,STLLIN11,Physical inventory
/HARDWARE COMPUTERS/SERVERS/HPE PROLIANT BL480C SERVER BLADE/,/PUBLIC LOCATION/AMERICAS/DATA CENTER/USA.WA.MOS/BT07/,6008875,USE80997S1,1,NADRMA1,Manual
/HARDWARE COMPUTERS/SERVERS/SUN MICROSYSTEMS SPARC T5240 SERVER/,/PUBLIC LOCATION/AMERICAS/DATA CENTER/USA.WA.MOS/BT07/,6008938,FML091807B,1,NADRSUN1,Manual
/HARDWARE NETWORK EQUIPMENT/HUBS-SWITCHES/CISCO SYSTEMS CATALYST 3560 48 PORT SWITCH/,/PUBLIC LOCATION/AMERICAS/DATA CENTER/USA.WA.MOS/BT07/,6008922,FOC0839U024,1,,Manual
"/HARDWARE RACKS, CHASSIS AND ENCLOSURES/BLADE ENCLOSURES/HPE PROLIANT BL C7000 C-CLASS ENCLOSURE/",/PUBLIC LOCATION/AMERICAS/DATA CENTER/USA.WA.MOS/BT07/,6008909,USE8028B7J,1,NADRENC1,Purchase order
"/HARDWARE RACKS, CHASSIS AND ENCLOSURES/RACK ENCLOSURES/GENERIC SERVER RACK/",/PUBLIC LOCATION/AMERICAS/DATA CENTER/USA.WA.MOS/BT07/,6065524,0N09411A0196,1,,Physical inventory
/HARDWARE STORAGE/TAPE SYSTEMS/HEWLETT-PACKARD COMPANY STORAGEWORKS MSL4048_1/,/PUBLIC LOCATION/AMERICAS/DATA CENTER/USA.WA.MOS/BT07/,6008772,MXA124Z3HW,1,,Physical inventory
/HARDWARE NETWORK EQUIPMENT/HUBS-SWITCHES/CISCO SYSTEMS CATALYST 3560 48 PORT SWITCH/,/PUBLIC LOCATION/AMERICAS/DATA CENTER/USA.WA.MOS/BT08/,6008740,FOC1011Y2T4,1,,Clarity
/HARDWARE NETWORK EQUIPMENT/HUBS-SWITCHES/HPE MDS 9124E FOR HP C-CLASS/,/PUBLIC LOCATION/AMERICAS/DATA CENTER/USA.WA.MOS/BT08/,6008855,JAF1313XYW8,1,,Clarity
/HARDWARE NETWORK EQUIPMENT/HUBS-SWITCHES/HPE MDS 9124E FOR HP C-CLASS/,/PUBLIC LOCATION/AMERICAS/DATA CENTER/USA.WA.MOS/BT08/,6008951,JAF1313XYUX,1,,Clarity
"/HARDWARE RACKS, CHASSIS AND ENCLOSURES/RACK ENCLOSURES/GENERIC SERVER RACK/",/PUBLIC LOCATION/AMERICAS/DATA CENTER/USA.WA.MOS/BT08/,6065525,USE0712M72,1,,Physical inventory
/HARDWARE STORAGE/DIRECT ATTACHED STORAGE (DAS)/NETAPP FAS3070-R5/,/PUBLIC LOCATION/AMERICAS/DATA CENTER/USA.WA.MOS/BT08/,6008920,1076951,1,NADRPFAS1A,Physical inventory
/HARDWARE STORAGE/RACK ENCLOSURE/NETAPP DISK SHELF DS14MK2/,/PUBLIC LOCATION/AMERICAS/DATA CENTER/USA.WA.MOS/BT08/,,,3,,Physical inventory
/HARDWARE STORAGE/RACK ENCLOSURE/NETAPP DISK SHELF DS14MK2/,/PUBLIC LOCATION/AMERICAS/DATA CENTER/USA.WA.MOS/BT08/,,,3,,Physical inventory
/HARDWARE STORAGE/RACK ENCLOSURE/NETAPP DISK SHELF DS14MK4/,/PUBLIC LOCATION/AMERICAS/DATA CENTER/USA.WA.MOS/BT08/,,,5,,Physical inventory
/HARDWARE STORAGE/RACK ENCLOSURE/NETAPP DISK SHELF DS14MK4/,/PUBLIC LOCATION/AMERICAS/DATA CENTER/USA.WA.MOS/BT08/,,,5,,Manual
/HARDWARE COMPUTERS/SERVERS/IBM BLADE CENTER PS700 SERVER/,/PUBLIC LOCATION/AMERICAS/DATA CENTER/USA.WA.MOS/BT09/,6008894,1DF4E6A,1,,Manual
/HARDWARE COMPUTERS/SERVERS/IBM SYSTEM X3650M4 SERVER/,/PUBLIC LOCATION/AMERICAS/DATA CENTER/USA.WA.MOS/BT09/,6008594,KD0D54N,1,,Clarity
/HARDWARE COMPUTERS/SERVERS/SUN MICROSYSTEMS NETRAT4 SERVER/,/PUBLIC LOCATION/AMERICAS/DATA CENTER/USA.WA.MOS/BT09/,6008636,1146BDYCE0,1,MIGRAT_881,Clarity
/HARDWARE COMPUTERS/SERVERS/SUN MICROSYSTEMS NETRAT4 SERVER/,/PUBLIC LOCATION/AMERICAS/DATA CENTER/USA.WA.MOS/BT09/,6008637,1233BDY624,1,MIGRAT_880,Physical Inventory
/HARDWARE COMPUTERS/SERVERS/SUN MICROSYSTEMS NETRAT4 SERVER/,/PUBLIC LOCATION/AMERICAS/DATA CENTER/USA.WA.MOS/BT09/,6008779,1151BDY0F9,1,MIGRAT_879,Physical Inventory
/HARDWARE COMPUTERS/SERVERS/SUN MICROSYSTEMS T4 SERVER/,/PUBLIC LOCATION/AMERICAS/DATA CENTER/USA.WA.MOS/BT09/,6008916,AK00159489,1,AK00159489,Physical Inventory
/HARDWARE NETWORK EQUIPMENT/HUBS-SWITCHES/CISCO SYSTEMS CATALYST 3560 48 PORT SWITCH/,/PUBLIC LOCATION/AMERICAS/DATA CENTER/USA.WA.MOS/BT09/,6008899,FOC0948Y1S4,1,,Physical Inventory
"/HARDWARE RACKS, CHASSIS AND ENCLOSURES/BLADE ENCLOSURES/HPE PROLIANT BL C7000 C-CLASS ENCLOSURE/",/PUBLIC LOCATION/AMERICAS/DATA CENTER/USA.WA.MOS/BT09/,6008607,2SB14041A2,1,,Physical Inventory
"/HARDWARE RACKS, CHASSIS AND ENCLOSURES/BLADE ENCLOSURES/IBM BLADECENTER H ENCLOSURE/",/PUBLIC LOCATION/AMERICAS/DATA CENTER/USA.WA.MOS/BT09/,6008718,99A2250,1,,Physical Inventory
"/HARDWARE RACKS, CHASSIS AND ENCLOSURES/RACK ENCLOSURES/GENERIC SERVER RACK/",/PUBLIC LOCATION/AMERICAS/DATA CENTER/USA.WA.MOS/BT09/,6065526,2UJ046003C,1,,Purchase order
/HARDWARE COMPUTERS/SERVERS/HEWLETT-PACKARD COMPANY PROLIANT BL460C G7 SERVER BLADE_1/,/PUBLIC LOCATION/AMERICAS/DATA CENTER/USA.WA.MOS/BT10/,6008598,CN704909SP,1,4734238,Manual
/HARDWARE COMPUTERS/SERVERS/HEWLETT-PACKARD COMPANY PROLIANT BL460C G7 SERVER BLADE_1/,/PUBLIC LOCATION/AMERICAS/DATA CENTER/USA.WA.MOS/BT10/,6008620,CN704909SQ,1,4734230,Physical Inventory
/HARDWARE COMPUTERS/SERVERS/HEWLETT-PACKARD COMPANY PROLIANT BL460C G7 SERVER BLADE_1/,/PUBLIC LOCATION/AMERICAS/DATA CENTER/USA.WA.MOS/BT10/,6008627,CN704400WN,1,4734231,Physical Inventory
/HARDWARE COMPUTERS/SERVERS/HEWLETT-PACKARD COMPANY PROLIANT BL460C G7 SERVER BLADE_1/,/PUBLIC LOCATION/AMERICAS/DATA CENTER/USA.WA.MOS/BT10/,6008665,CN704400WF,1,SGDRESX02,Purchase order
/HARDWARE COMPUTERS/SERVERS/HEWLETT-PACKARD COMPANY PROLIANT BL460C G7 SERVER BLADE_1/,/PUBLIC LOCATION/AMERICAS/DATA CENTER/USA.WA.MOS/BT10/,6008694,USE146KSXX,1,4734229,Purchase order
/HARDWARE COMPUTERS/SERVERS/HEWLETT-PACKARD COMPANY PROLIANT BL460C G7 SERVER BLADE_1/,/PUBLIC LOCATION/AMERICAS/DATA CENTER/USA.WA.MOS/BT10/,6008709,CN7044009D,1,4734235,Purchase order
/HARDWARE COMPUTERS/SERVERS/HEWLETT-PACKARD COMPANY PROLIANT BL460C G7 SERVER BLADE_1/,/PUBLIC LOCATION/AMERICAS/DATA CENTER/USA.WA.MOS/BT10/,6008725,CN70510HFL,1,4734234,Physical Inventory
/HARDWARE COMPUTERS/SERVERS/HEWLETT-PACKARD COMPANY PROLIANT BL460C G7 SERVER BLADE_1/,/PUBLIC LOCATION/AMERICAS/DATA CENTER/USA.WA.MOS/BT10/,6008905,CN70450MNM,1,SGDRESX01,Purchase order
/HARDWARE COMPUTERS/SERVERS/HEWLETT-PACKARD COMPANY PROLIANT BL460C G7 SERVER BLADE_1/,/PUBLIC LOCATION/AMERICAS/DATA CENTER/USA.WA.MOS/BT10/,6008924,CN704400WR,1,SGDRESX03,Physical Inventory
/HARDWARE COMPUTERS/SERVERS/HEWLETT-PACKARD COMPANY PROLIANT BL460C G7 SERVER BLADE_1/,/PUBLIC LOCATION/AMERICAS/DATA CENTER/USA.WA.MOS/BT10/,6008949,CN7044009N,1,SGDRESX04,Physical inventory
/HARDWARE COMPUTERS/SERVERS/HEWLETT-PACKARD COMPANY PROLIANT BL870CI2 SERVER BLADE/,/PUBLIC LOCATION/AMERICAS/DATA CENTER/USA.WA.MOS/BT10/,6008768,SGH127X1E8,1,,Manual
/HARDWARE COMPUTERS/SERVERS/HEWLETT-PACKARD COMPANY PROLIANT BL870CI2 SERVER BLADE/,/PUBLIC LOCATION/AMERICAS/DATA CENTER/USA.WA.MOS/BT10/,6008884,SGH127X1B3,1,,Physical inventory
/HARDWARE COMPUTERS/SERVERS/HPE INTEGRITY BL860C I2 SERVER BLADE/,/PUBLIC LOCATION/AMERICAS/DATA CENTER/USA.WA.MOS/BT10/,6008595,USE123AYFY,1,,Purchase order
/HARDWARE NETWORK EQUIPMENT/HUBS-SWITCHES/CISCO SYSTEMS CATALYST 2960 SWITCH/,/PUBLIC LOCATION/AMERICAS/DATA CENTER/USA.WA.MOS/BT10/,6065527,FOC1009X096,1,,Physical Inventory
/HARDWARE NETWORK EQUIPMENT/HUBS-SWITCHES/CISCO SYSTEMS CATALYST 2960 SWITCH/,/PUBLIC LOCATION/AMERICAS/DATA CENTER/USA.WA.MOS/BT10/,6065528,FOC1241U13Y,1,,Physical inventory
"/HARDWARE RACKS, CHASSIS AND ENCLOSURES/BLADE ENCLOSURES/HPE PROLIANT BL C7000 C-CLASS ENCLOSURE/",/PUBLIC LOCATION/AMERICAS/DATA CENTER/USA.WA.MOS/BT10/,6008692,3UI1138M87,1,,Physical inventory
"/HARDWARE RACKS, CHASSIS AND ENCLOSURES/BLADE ENCLOSURES/HPE PROLIANT BL C7000 C-CLASS ENCLOSURE/",/PUBLIC LOCATION/AMERICAS/DATA CENTER/USA.WA.MOS/BT10/,6008907,USE902JT3D,1,,Physical inventory
"/HARDWARE RACKS, CHASSIS AND ENCLOSURES/BLADE ENCLOSURES/HPE PROLIANT BL C7000 C-CLASS ENCLOSURE/",/PUBLIC LOCATION/AMERICAS/DATA CENTER/USA.WA.MOS/BT10/,6008941,SGH824XJJN,1,,Physical inventory
"/HARDWARE RACKS, CHASSIS AND ENCLOSURES/RACK ENCLOSURES/GENERIC SERVER RACK/",/PUBLIC LOCATION/AMERICAS/DATA CENTER/USA.WA.MOS/BT10/,6065529,2UJ012000Y,1,,PMI
/HARDWARE STORAGE/NETWORK ATTACHED STORAGE (NAS)/EMC VNX5300/,/PUBLIC LOCATION/AMERICAS/DATA CENTER/USA.WA.MOS/BT15/,6065530,FCNVS122601056,1,,PMI
/HARDWARE STORAGE/STORAGE AREA NETWORKS (SAN)/EMC VNX5700/,/PUBLIC LOCATION/AMERICAS/DATA CENTER/USA.WA.MOS/BT16/,6065531,FCNVA133000003,1,,Physical inventory
/HARDWARE STORAGE/TAPE SYSTEMS/IBM SYSTEM STORAGE TS7650G/,/PUBLIC LOCATION/AMERICAS/DATA CENTER/USA.WA.MOS/BT17/,6065532,7826404,1,,Physical inventory
/HARDWARE COMPUTERS/SERVERS/DELL POWEREDGE R200 SERVER/,/PUBLIC LOCATION/AMERICAS/DATA CENTER/USA.WA.MOS/CC02/,6008700,1NHNVH1,1,3406525,Physical inventory
/HARDWARE COMPUTERS/SERVERS/DELL POWEREDGE R200 SERVER/,/PUBLIC LOCATION/AMERICAS/DATA CENTER/USA.WA.MOS/CC02/,6008867,1NFPVH1,1,3406526,Physical inventory
/HARDWARE NETWORK EQUIPMENT/FIREWALLS AND SECURITY APPLIANCES/INFOBLOX 550-A/,/PUBLIC LOCATION/AMERICAS/DATA CENTER/USA.WA.MOS/CC02/,6065455,1107201010000284,1,6065455,Physical inventory
/HARDWARE NETWORK EQUIPMENT/FIREWALLS AND SECURITY APPLIANCES/INFOBLOX 550-A/,/PUBLIC LOCATION/AMERICAS/DATA CENTER/USA.WA.MOS/CC02/,6065456,1107201003000023,1,6065456,Physical inventory
/HARDWARE NETWORK EQUIPMENT/FIREWALLS AND SECURITY APPLIANCES/INFOBLOX 550-A/,/PUBLIC LOCATION/AMERICAS/DATA CENTER/USA.WA.MOS/CC02/,6065457,1116201002000038,1,6065457,Physical inventory
/HARDWARE NETWORK EQUIPMENT/FIREWALLS AND SECURITY APPLIANCES/INFOBLOX 550-A/,/PUBLIC LOCATION/AMERICAS/DATA CENTER/USA.WA.MOS/CC02/,6065458,1116201002000033,1,6065458,Physical inventory
/HARDWARE NETWORK EQUIPMENT/ROUTERS/CISCO SYSTEMS 7604 ROUTER/,/PUBLIC LOCATION/AMERICAS/DATA CENTER/USA.WA.MOS/CC02/,6065459,FOX1234H8Z8,1,SFR-NP-7604-2,Clarity
"/HARDWARE RACKS, CHASSIS AND ENCLOSURES/RACK ENCLOSURES/GENERIC SERVER RACK/",/PUBLIC LOCATION/AMERICAS/DATA CENTER/USA.WA.MOS/CC02/,6065460,6065460,1,,Physical inventory
/HARDWARE NETWORK EQUIPMENT/KVM SWITCHES/AVOCENT ALTERPATH ACS48 CONSOLE SERVER/,/PUBLIC LOCATION/AMERICAS/DATA CENTER/USA.WA.MOS/CC03/,6008824,6008824,1,TERMINATOR-2,Physical inventory
/HARDWARE NETWORK EQUIPMENT/ROUTERS/CISCO SYSTEMS 7604 ROUTER/,/PUBLIC LOCATION/AMERICAS/DATA CENTER/USA.WA.MOS/CC03/,6065453,FOX1234H8Z5,1,SFR-NP-7604-1,Physical inventory
"/HARDWARE RACKS, CHASSIS AND ENCLOSURES/RACK ENCLOSURES/GENERIC SERVER RACK/",/PUBLIC LOCATION/AMERICAS/DATA CENTER/USA.WA.MOS/CC03/,6065454,6065454,1,,Physical inventory
/HARDWARE COMPUTERS/SERVERS/HEWLETT-PACKARD COMPANY PROLIANT DL585 SERVER/,/PUBLIC LOCATION/AMERICAS/DATA CENTER/USA.WA.MOS/CC04/,6008752,USE336DK5S,1,3406926,Physical inventory
/HARDWARE COMPUTERS/SERVERS/HPE PROLIANT DL380 G8 SERVER/,/PUBLIC LOCATION/AMERICAS/DATA CENTER/USA.WA.MOS/CC04/,6008862,2M41336B2E,1,HP-380-VMSERVER-3.ENG.QPASS.NET,Physical inventory
/HARDWARE COMPUTERS/SERVERS/HPE PROLIANT DL380 G8 SERVER/,/PUBLIC LOCATION/AMERICAS/DATA CENTER/USA.WA.MOS/CC04/,6065449,3UI1349FYN,1,HP-380-VMSERVER-1.ENG.QPASS.NET,Physical inventory
/HARDWARE COMPUTERS/SERVERS/HPE PROLIANT DL380 G8 SERVER/,/PUBLIC LOCATION/AMERICAS/DATA CENTER/USA.WA.MOS/CC04/,6065450,2M41343BVX,1,HP-380-VMSERVER-2.ENG.QPASS.NET,Physical Inventory
/HARDWARE COMPUTERS/SERVERS/HPE PROLIANT DL580 G7 SERVER/,/PUBLIC LOCATION/AMERICAS/DATA CENTER/USA.WA.MOS/CC04/,6008791,3UI1347E3P,1,HP-580-VMSERVER-1.ENG.QPASS.NET,Physical Inventory
/HARDWARE COMPUTERS/SERVERS/HPE PROLIANT DL580 G7 SERVER/,/PUBLIC LOCATION/AMERICAS/DATA CENTER/USA.WA.MOS/CC04/,6008966,USE501J27H,1,DL580-G7-VMSERVER-2.ENG.QPASS.NET,Physical Inventory
/HARDWARE NETWORK EQUIPMENT/HUBS-SWITCHES/BROCADE COMMUICATION SYSTEMS 5000 SWITCH/,/PUBLIC LOCATION/AMERICAS/DATA CENTER/USA.WA.MOS/CC04/,6008782,6008782,1,6008782,Physical Inventory
/HARDWARE NETWORK EQUIPMENT/HUBS-SWITCHES/BROCADE COMMUICATION SYSTEMS SILKWORM FC SWITCH/,/PUBLIC LOCATION/AMERICAS/DATA CENTER/USA.WA.MOS/CC04/,6008597,6008597,1,,Physical Inventory
"/HARDWARE RACKS, CHASSIS AND ENCLOSURES/RACK ENCLOSURES/GENERIC SERVER RACK/",/PUBLIC LOCATION/AMERICAS/DATA CENTER/USA.WA.MOS/CC04/,6065451,6065451,1,,Physical Inventory
"/HARDWARE RACKS, CHASSIS AND ENCLOSURES/RACK ENCLOSURES/GENERIC SERVER RACK/",/PUBLIC LOCATION/AMERICAS/DATA CENTER/USA.WA.MOS/CC04/,6065452,6065452,1,,Physical Inventory
/HARDWARE STORAGE/DIRECT ATTACHED STORAGE (DAS)/HEWLETT-PACKARD COMPANY STORAGEWORKS MSA70/,/PUBLIC LOCATION/AMERICAS/DATA CENTER/USA.WA.MOS/CC04/,6008612,6008612,1,6008612,Physical Inventory
/HARDWARE STORAGE/DIRECT ATTACHED STORAGE (DAS)/HEWLETT-PACKARD COMPANY STORAGEWORKS MSA70/,/PUBLIC LOCATION/AMERICAS/DATA CENTER/USA.WA.MOS/CC04/,6008881,6008881,1,6008881,Physical Inventory
/HARDWARE STORAGE/DIRECT ATTACHED STORAGE (DAS)/HEWLETT-PACKARD COMPANY STORAGEWORKS MSA70/,/PUBLIC LOCATION/AMERICAS/DATA CENTER/USA.WA.MOS/CC04/,6008885,6008885,1,6008885,Physical Inventory
/HARDWARE STORAGE/DIRECT ATTACHED STORAGE (DAS)/HEWLETT-PACKARD COMPANY STORAGEWORKS MSA70/,/PUBLIC LOCATION/AMERICAS/DATA CENTER/USA.WA.MOS/CC04/,6008889,6008889,1,6008889,Physical Inventory
/HARDWARE STORAGE/DIRECT ATTACHED STORAGE (DAS)/HPE P2000 G3 FC 24X900GB SAS SFF BUNDLE (QR517B/,/PUBLIC LOCATION/AMERICAS/DATA CENTER/USA.WA.MOS/CC04/,6008735,7CE436M594,1,HP-P2000-FILER-1A.ENG.QPASS.NET,Physical Inventory
/HARDWARE STORAGE/STORAGE AREA NETWORKS (SAN)/NETAPP FAS3140-R5/,/PUBLIC LOCATION/AMERICAS/DATA CENTER/USA.WA.MOS/CC04/,6008705,30022243,1,6008705,Physical inventory
/HARDWARE STORAGE/STORAGE AREA NETWORKS (SAN)/NETAPP FAS3140-R5/,/PUBLIC LOCATION/AMERICAS/DATA CENTER/USA.WA.MOS/CC04/,6008919,30022244,1,QPASS-SHARED-FILER-1A/B,Physical inventory
/HARDWARE COMPUTERS/SERVERS/DELL POWEREDGE R740 G10/,/PUBLIC LOCATION/AMERICAS/DATA CENTER/USA.WA.MOS/CC05/,4741166,966MF33,1,4741166,Physical inventory
/HARDWARE COMPUTERS/SERVERS/DELL POWEREDGE R740 G10/,/PUBLIC LOCATION/AMERICAS/DATA CENTER/USA.WA.MOS/CC05/,4741167,967JF33,1,4741167,Physical inventory
/HARDWARE COMPUTERS/SERVERS/DELL POWEREDGE R740 G10/,/PUBLIC LOCATION/AMERICAS/DATA CENTER/USA.WA.MOS/CC05/,4741168,966LF33,1,4741168,Purchase order
/HARDWARE COMPUTERS/SERVERS/DELL POWEREDGE R740 G10/,/PUBLIC LOCATION/AMERICAS/DATA CENTER/USA.WA.MOS/CC05/,4741169,967GF33,1,4741169,Purchase order
/HARDWARE COMPUTERS/SERVERS/DELL POWEREDGE R740 G10/,/PUBLIC LOCATION/AMERICAS/DATA CENTER/USA.WA.MOS/CC05/,4741176,967FF33,1,4741176,Physical Inventory
/HARDWARE COMPUTERS/SERVERS/DELL POWEREDGE R740 G10/,/PUBLIC LOCATION/AMERICAS/DATA CENTER/USA.WA.MOS/CC05/,4741177,967DF33,1,4741177,Physical Inventory
/HARDWARE COMPUTERS/SERVERS/DELL POWEREDGE R740 G10/,/PUBLIC LOCATION/AMERICAS/DATA CENTER/USA.WA.MOS/CC05/,4741178,967HF33,1,4741178,Manual
/HARDWARE COMPUTERS/SERVERS/DELL POWEREDGE R740 G10/,/PUBLIC LOCATION/AMERICAS/DATA CENTER/USA.WA.MOS/CC05/,4741179,967CF33,1,4741179,Physical inventory
/HARDWARE COMPUTERS/SERVERS/HEWLETT-PACKARD COMPANY PROLIANT DL585 SERVER/,/PUBLIC LOCATION/AMERICAS/DATA CENTER/USA.WA.MOS/CC09/,6010719,USE049N7G8,1,6010719,Manual
/HARDWARE COMPUTERS/SERVERS/HEWLETT-PACKARD COMPANY PROLIANT DL585 SERVER/,/PUBLIC LOCATION/AMERICAS/DATA CENTER/USA.WA.MOS/CC09/,6010721,USE121N0S6,1,6010721,Physical inventory
/HARDWARE COMPUTERS/SERVERS/HPE PROLIANT DL380 G9 SERVER/,/PUBLIC LOCATION/AMERICAS/DATA CENTER/USA.WA.MOS/CC09/,6010711,MXQ520063D,1,HP-380-VMSERVER-1,Purchase order
/HARDWARE COMPUTERS/SERVERS/HPE PROLIANT DL380 G9 SERVER/,/PUBLIC LOCATION/AMERICAS/DATA CENTER/USA.WA.MOS/CC09/,6010712,MXQ52502KH,1,HP-380-VMSERVER-2,Purchase order
/HARDWARE COMPUTERS/SERVERS/HPE PROLIANT DL380 G9 SERVER/,/PUBLIC LOCATION/AMERICAS/DATA CENTER/USA.WA.MOS/CC09/,6010716,MXQ52608PQ,1,HP-585-VMSERVER-1,Physical Inventory
/HARDWARE COMPUTERS/SERVERS/HPE PROLIANT DL580 G7 SERVER/,/PUBLIC LOCATION/AMERICAS/DATA CENTER/USA.WA.MOS/CC09/,6010720,3UI1350K5C,1,6010720,Physical Inventory
/HARDWARE NETWORK EQUIPMENT/HUBS-SWITCHES/CISCO SYSTEMS CATALYST 3650 48 PORT SWITCH 4X10G UPLINK LAN BASE/,/PUBLIC LOCATION/AMERICAS/DATA CENTER/USA.WA.MOS/CC09/,GT52578656,GT52578656,1,,Physical Inventory
"/HARDWARE RACKS, CHASSIS AND ENCLOSURES/RACK ENCLOSURES/GENERIC COMM RACK/",/PUBLIC LOCATION/AMERICAS/DATA CENTER/USA.WA.MOS/CC09/,6063718,,1,,Physical Inventory
/HARDWARE STORAGE/DIRECT ATTACHED STORAGE (DAS)/HEWLETT-PACKARD COMPANY STORAGEWORKS MSA70/,/PUBLIC LOCATION/AMERICAS/DATA CENTER/USA.WA.MOS/CC09/,6010735,7CE433P2V4,1,,Manual
/HARDWARE STORAGE/DIRECT ATTACHED STORAGE (DAS)/HEWLETT-PACKARD COMPANY STORAGEWORKS MSA70/,/PUBLIC LOCATION/AMERICAS/DATA CENTER/USA.WA.MOS/CC09/,6010737,7CE433P1VS,1,,Physical Inventory
/HARDWARE STORAGE/DIRECT ATTACHED STORAGE (DAS)/HEWLETT-PACKARD COMPANY STORAGEWORKS MSA70/,/PUBLIC LOCATION/AMERICAS/DATA CENTER/USA.WA.MOS/CC09/,6010741,7CE433P2NZ,1,,Physical Inventory
/HARDWARE STORAGE/DIRECT ATTACHED STORAGE (DAS)/HEWLETT-PACKARD COMPANY STORAGEWORKS MSA70/,/PUBLIC LOCATION/AMERICAS/DATA CENTER/USA.WA.MOS/CC09/,6010745,7CE433P2VG,1,,Physical Inventory
/HARDWARE STORAGE/DIRECT ATTACHED STORAGE (DAS)/HPE P2000 G3 FC 24X900GB SAS SFF BUNDLE (QR517B/,/PUBLIC LOCATION/AMERICAS/DATA CENTER/USA.WA.MOS/CC09/,6010722,286445B170,1,HP-585-VMSERVER-2,Physical Inventory
/HARDWARE COMPUTERS/SERVERS/HEWLETT-PACKARD COMPANY PROLIANT DL585 SERVER/,/PUBLIC LOCATION/AMERICAS/DATA CENTER/USA.WA.MOS/CC10/,6010740,MXQ22614D3,1,HP-VMSERVER-4,Physical Inventory
/HARDWARE COMPUTERS/SERVERS/HPE PROLIANT DL385 G7 SERVER/,/PUBLIC LOCATION/AMERICAS/DATA CENTER/USA.WA.MOS/CC10/,6010723,2M212501A8,1,,Physical Inventory
/HARDWARE COMPUTERS/SERVERS/HPE PROLIANT DL385 G7 SERVER/,/PUBLIC LOCATION/AMERICAS/DATA CENTER/USA.WA.MOS/CC10/,6010754,USE110N69Q,1,,Physical Inventory
/HARDWARE COMPUTERS/SERVERS/HPE PROLIANT DL385 G7 SERVER/,/PUBLIC LOCATION/AMERICAS/DATA CENTER/USA.WA.MOS/CC10/,6010758,USE110N69N,1,,Purchase order
/HARDWARE COMPUTERS/SERVERS/HPE PROLIANT DL580 G7 SERVER/,/PUBLIC LOCATION/AMERICAS/DATA CENTER/USA.WA.MOS/CC10/,6010739,3UI1350K5A,1,HPVMSERVER-1,Purchase order
/HARDWARE NETWORK EQUIPMENT/HUBS-SWITCHES/BROCADE COMMUICATION SYSTEMS SILKWORM 4900/,/PUBLIC LOCATION/AMERICAS/DATA CENTER/USA.WA.MOS/CC10/,6010715,UC060000836,1,HP-580-VMSERVER-2,Purchase order
"/HARDWARE RACKS, CHASSIS AND ENCLOSURES/RACK ENCLOSURES/GENERIC SERVER RACK/",/PUBLIC LOCATION/AMERICAS/DATA CENTER/USA.WA.MOS/CC10/,6063717,6063717,1,,PHYSICAL INVENTORY
/HARDWARE ACCESSORIES/SERVER HARD DISKS/GENERIC 600GB HDD/,/PUBLIC LOCATION/APAC/DATA CENTER/AUS MELBOURN AAPL.DC/,,,1,,Physical inventory
/HARDWARE COMPUTERS/SERVERS/DELL POWEREDGE R730 SERVER/,/PUBLIC LOCATION/APAC/DATA CENTER/AUS MELBOURN AAPL.DC/,5110645,7FV4V72,1,PD-PERF-OLTP-LIN-2,Physical inventory
/HARDWARE NETWORK EQUIPMENT/HUBS-SWITCHES/DELL CONNECTRIX DS-300B/,/PUBLIC LOCATION/APAC/DATA CENTER/AUS MELBOURN AAPL.DC/,5110358,BRCALJ1905K072,1,MELUTIBASANSW2,PHYSICAL INVENTORY
/HARDWARE NETWORK EQUIPMENT/HUBS-SWITCHES/DELL CONNECTRIX DS-300B/,/PUBLIC LOCATION/APAC/DATA CENTER/AUS MELBOURN AAPL.DC/,5110359,BRCALJ1905K073,1,MELUTIBASANSW1,Manual
/HARDWARE STORAGE/NETWORK ATTACHED STORAGE (NAS)/EMC VNX5400/,/PUBLIC LOCATION/APAC/DATA CENTER/AUS MELBOURN AAPL.DC/,5110357,CETV2135000010,1,MEL-VNX5400-0010,Physical inventory
